Name,Email ID,Mobile,Address,Country,Status,error_log
username 1,UNIQUEmailid22@gmail.com,UNIQUEPHONE22,Address line 1: 1,SINGAPORE,1,
username 10,UNIQUEmailid31@gmail.com,UNIQUEPHONE31,Address line 1: 10,SINGAPORE,1,
username 16,UNIQUEmailid37@gmail.com,UNIQUEPHONE37,Address line 1: 16,SINGAPORE,1,
username 26,UNIQUEmailid47@gmail.com,UNIQUEPHONE47,Address line 1: 26,SINGAPORE,1,
username 29,UNIQUEmailid50@gmail.com,UNIQUEPHONE50,Address line 1: 29,SINGAPORE,1,
username 30,UNIQUEmailid51@gmail.com,UNIQUEPHONE51,Address line 1: 30,SINGAPORE,1,
username 32,UNIQUEmailid53@gmail.com,UNIQUEPHONE53,Address line 1: 32,SINGAPORE,1,
username 33,UNIQUEmailid54@gmail.com,UNIQUEPHONE54,Address line 1: 33,SINGAPORE,1,
username 34,UNIQUEmailid55@gmail.com,UNIQUEPHONE55,Address line 1: 34,SINGAPORE,1,
username 37,UNIQUEmailid58@gmail.com,UNIQUEPHONE58,Address line 1: 37,SINGAPORE,1,
username 41,UNIQUEmailid62@gmail.com,UNIQUEPHONE62,Address line 1: 41,SINGAPORE,1,
username 43,UNIQUEmailid64@gmail.com,UNIQUEPHONE64,Address line 1: 43,SINGAPORE,1,
username 45,UNIQUEmailid66@gmail.com,UNIQUEPHONE66,Address line 1: 45,TAIWAN,1,
username 47,UNIQUEmailid68@gmail.com,UNIQUEPHONE68,Address line 1: 47,SINGAPORE,1,
username 48,UNIQUEmailid69@gmail.com,UNIQUEPHONE69,Address line 1: 48,SINGAPORE,1,
,UNIQUEmailid70@gmail.com,UNIQUEPHONE70,Address line 1: 49,SINGAPORE,1,
username 50,UNIQUEmailid71@gmail.com,UNIQUEPHONE71,Address line 1: 50,SINGAPORE,1,
username 51,UNIQUEmailid72@gmail.com,UNIQUEPHONE72,Address line 1: 51,SINGAPORE,1,
username 52,UNIQUEmailid73@gmail.com,UNIQUEPHONE73,Address line 1: 52,SINGAPORE,1,
username 53,UNIQUEmailid74@gmail.com,UNIQUEPHONE74,Address line 1: 53,SINGAPORE,1,
username 55,UNIQUEmailid76@gmail.com,UNIQUEPHONE76,Address line 1: 55,SINGAPORE,1,
username 56,UNIQUEmailid77@gmail.com,UNIQUEPHONE77,Address line 1: 56,SINGAPORE,1,
username 57,UNIQUEmailid78@gmail.com,UNIQUEPHONE78,Address line 1: 57,SINGAPORE,1,
username 58,UNIQUEmailid79@gmail.com,UNIQUEPHONE79,Address line 1: 58,SINGAPORE,1,
username 59,UNIQUEmailid80@gmail.com,UNIQUEPHONE80,Address line 1: 59,SINGAPORE,1,
username 60,UNIQUEmailid81@gmail.com,UNIQUEPHONE81,Address line 1: 60,SINGAPORE,1,
username 65,UNIQUEmailid86@gmail.com,UNIQUEPHONE86,Address line 1: 65,SINGAPORE,1,
username 67,UNIQUEmailid88@gmail.com,UNIQUEPHONE88,Address line 1: 67,SINGAPORE,1,
username 69,UNIQUEmailid90@gmail.com,UNIQUEPHONE90,Address line 1: 69,INDIA,1,
username 71,UNIQUEmailid92@gmail.com,UNIQUEPHONE92,Address line 1: 71,INDIA,1,
username 74,UNIQUEmailid95@gmail.com,UNIQUEPHONE95,Address line 1: 74,INDIA,1,
username 75,UNIQUEmailid96@gmail.com,UNIQUEPHONE96,Address line 1: 75,SINGAPORE,1,
username 76,UNIQUEmailid97@gmail.com,UNIQUEPHONE97,Address line 1: 76,SINGAPORE,1,
username 78,UNIQUEmailid99@gmail.com,UNIQUEPHONE99,Address line 1: 78,SINGAPORE,1,
username 79,UNIQUEmailid100@gmail.com,UNIQUEPHONE100,Address line 1: 79,SINGAPORE,1,
username 80,UNIQUEmailid101@gmail.com,UNIQUEPHONE101,Address line 1: 80,HONG KONG,1,
username 83,UNIQUEmailid104@gmail.com,UNIQUEPHONE104,Address line 1: 83,SINGAPORE,1,
username 86,UNIQUEmailid107@gmail.com,UNIQUEPHONE107,Address line 1: 86,SINGAPORE,1,
username 88,UNIQUEmailid109@gmail.com,UNIQUEPHONE109,Address line 1: 88,SINGAPORE,1,
username 90,UNIQUEmailid111@gmail.com,UNIQUEPHONE111,Address line 1: 90,SINGAPORE,1,
username 91,UNIQUEmailid112@gmail.com,UNIQUEPHONE112,Address line 1: 91,SINGAPORE,1,
username 92,UNIQUEmailid113@gmail.com,UNIQUEPHONE113,Address line 1: 92,SINGAPORE,1,
username 94,UNIQUEmailid115@gmail.com,UNIQUEPHONE115,Address line 1: 94,UNITED STATES OF AMERCIA,1,
,UNIQUEmailid116@gmail.com,UNIQUEPHONE116,Address line 1: 95,UNITED STATES OF AMERCIA,1,
username 96,UNIQUEmailid117@gmail.com,UNIQUEPHONE117,Address line 1: 96,UNITED STATES OF AMERCIA,1,
username 97,UNIQUEmailid118@gmail.com,UNIQUEPHONE118,Address line 1: 97,UNITED STATES OF AMERCIA,1,
username 98,UNIQUEmailid119@gmail.com,UNIQUEPHONE119,Address line 1: 98,UNITED STATES OF AMERCIA,1,
username 102,UNIQUEmailid123@gmail.com,UNIQUEPHONE123,Address line 1: 102,UNITED STATES OF AMERCIA,1,
,UNIQUEmailid125@gmail.com,UNIQUEPHONE125,Address line 1: 104,UNITED STATES OF AMERCIA,1,
username 105,UNIQUEmailid126@gmail.com,UNIQUEPHONE126,Address line 1: 105,UNITED STATES OF AMERCIA,1,
username 107,UNIQUEmailid128@gmail.com,UNIQUEPHONE128,Address line 1: 107,UNITED STATES OF AMERCIA,1,
username 108,UNIQUEmailid129@gmail.com,UNIQUEPHONE129,Address line 1: 108,UNITED STATES OF AMERCIA,1,
username 110,UNIQUEmailid131@gmail.com,UNIQUEPHONE131,Address line 1: 110,SINGAPORE,1,
username 112,UNIQUEmailid133@gmail.com,UNIQUEPHONE133,Address line 1: 112,SINGAPORE,1,
username 113,UNIQUEmailid134@gmail.com,UNIQUEPHONE134,Address line 1: 113,SINGAPORE,1,
username 115,UNIQUEmailid136@gmail.com,UNIQUEPHONE136,Address line 1: 115,SINGAPORE,1,
username 116,UNIQUEmailid137@gmail.com,UNIQUEPHONE137,Address line 1: 116,MALAYSIA,1,
username 117,UNIQUEmailid138@gmail.com,UNIQUEPHONE138,Address line 1: 117,MALAYSIA,1,
username 118,UNIQUEmailid139@gmail.com,UNIQUEPHONE139,Address line 1: 118,MALAYSIA,1,
username 119,UNIQUEmailid140@gmail.com,UNIQUEPHONE140,Address line 1: 119,MALAYSIA,1,
username 120,UNIQUEmailid141@gmail.com,UNIQUEPHONE141,Address line 1: 120,MALAYSIA,1,
username 121,UNIQUEmailid142@gmail.com,UNIQUEPHONE142,Address line 1: 121,MALAYSIA,1,
username 123,UNIQUEmailid144@gmail.com,UNIQUEPHONE144,Address line 1: 123,MALAYSIA,1,
username 124,UNIQUEmailid145@gmail.com,UNIQUEPHONE145,Address line 1: 124,MALAYSIA,1,
username 125,UNIQUEmailid146@gmail.com,UNIQUEPHONE146,Address line 1: 125,MALAYSIA,1,
username 126,UNIQUEmailid147@gmail.com,UNIQUEPHONE147,Address line 1: 126,MALAYSIA,1,
username 129,UNIQUEmailid150@gmail.com,UNIQUEPHONE150,Address line 1: 129,SINGAPORE,1,
username 130,UNIQUEmailid151@gmail.com,UNIQUEPHONE151,Address line 1: 130,SINGAPORE,1,
username 132,UNIQUEmailid153@gmail.com,UNIQUEPHONE153,Address line 1: 132,SINGAPORE,1,
username 133,UNIQUEmailid154@gmail.com,UNIQUEPHONE154,Address line 1: 133,SINGAPORE,1,
username 134,UNIQUEmailid155@gmail.com,UNIQUEPHONE155,Address line 1: 134,SINGAPORE,1,
username 135,UNIQUEmailid156@gmail.com,UNIQUEPHONE156,Address line 1: 135,SINGAPORE,1,
username 136,UNIQUEmailid157@gmail.com,UNIQUEPHONE157,Address line 1: 136,SINGAPORE,1,
username 137,UNIQUEmailid158@gmail.com,UNIQUEPHONE158,Address line 1: 137,SINGAPORE,1,
username 138,UNIQUEmailid159@gmail.com,UNIQUEPHONE159,Address line 1: 138,SINGAPORE,1,
username 139,UNIQUEmailid160@gmail.com,UNIQUEPHONE160,Address line 1: 139,SINGAPORE,1,
username 141,UNIQUEmailid162@gmail.com,UNIQUEPHONE162,Address line 1: 141,SINGAPORE,1,
username 142,UNIQUEmailid163@gmail.com,UNIQUEPHONE163,Address line 1: 142,SINGAPORE,1,
username 143,UNIQUEmailid164@gmail.com,UNIQUEPHONE164,Address line 1: 143,SINGAPORE,1,
username 144,UNIQUEmailid165@gmail.com,UNIQUEPHONE165,Address line 1: 144,SINGAPORE,1,
username 146,UNIQUEmailid167@gmail.com,UNIQUEPHONE167,Address line 1: 146,SINGAPORE,1,
username 148,UNIQUEmailid169@gmail.com,UNIQUEPHONE169,Address line 1: 148,UNITED KINGDOM,1,
username 152,UNIQUEmailid173@gmail.com,UNIQUEPHONE173,Address line 1: 152,UNITED KINGDOM,1,
username 154,UNIQUEmailid175@gmail.com,UNIQUEPHONE175,Address line 1: 154,UNITED KINGDOM,1,
username 156,UNIQUEmailid177@gmail.com,UNIQUEPHONE177,Address line 1: 156,UNITED KINGDOM,1,
username 158,UNIQUEmailid179@gmail.com,UNIQUEPHONE179,Address line 1: 158,UNITED KINGDOM,1,
,UNIQUEmailid184@gmail.com,UNIQUEPHONE184,Address line 1: 163,UNITED KINGDOM,1,
,UNIQUEmailid185@gmail.com,UNIQUEPHONE185,Address line 1: 164,UNITED KINGDOM,1,
,UNIQUEmailid188@gmail.com,UNIQUEPHONE188,Address line 1: 167,UNITED KINGDOM,1,
username 171,UNIQUEmailid192@gmail.com,UNIQUEPHONE192,Address line 1: 171,UNITED KINGDOM,1,
username 173,UNIQUEmailid194@gmail.com,UNIQUEPHONE194,Address line 1: 173,SINGAPORE,1,
username 174,UNIQUEmailid195@gmail.com,UNIQUEPHONE195,Address line 1: 174,SINGAPORE,1,
username 175,UNIQUEmailid196@gmail.com,UNIQUEPHONE196,Address line 1: 175,SINGAPORE,1,
username 176,UNIQUEmailid197@gmail.com,UNIQUEPHONE197,Address line 1: 176,SINGAPORE,1,
username 177,UNIQUEmailid198@gmail.com,UNIQUEPHONE198,Address line 1: 177,SINGAPORE,1,
username 182,UNIQUEmailid203@gmail.com,UNIQUEPHONE203,Address line 1: 182,SINGAPORE,1,
username 183,UNIQUEmailid204@gmail.com,UNIQUEPHONE204,Address line 1: 183,SINGAPORE,1,
username 185,UNIQUEmailid206@gmail.com,UNIQUEPHONE206,Address line 1: 185,SINGAPORE,1,
username 187,UNIQUEmailid208@gmail.com,UNIQUEPHONE208,Address line 1: 187,SINGAPORE,1,
username 188,UNIQUEmailid209@gmail.com,UNIQUEPHONE209,Address line 1: 188,SINGAPORE,1,
username 189,UNIQUEmailid210@gmail.com,UNIQUEPHONE210,Address line 1: 189,SINGAPORE,1,
username 190,UNIQUEmailid211@gmail.com,UNIQUEPHONE211,Address line 1: 190,SINGAPORE,1,
username 192,UNIQUEmailid213@gmail.com,UNIQUEPHONE213,Address line 1: 192,SINGAPORE,1,
username 195,UNIQUEmailid216@gmail.com,UNIQUEPHONE216,Address line 1: 195,SINGAPORE,1,
username 196,UNIQUEmailid217@gmail.com,UNIQUEPHONE217,Address line 1: 196,SINGAPORE,1,
username 198,UNIQUEmailid219@gmail.com,UNIQUEPHONE219,Address line 1: 198,SINGAPORE,1,
username 200,UNIQUEmailid221@gmail.com,UNIQUEPHONE221,Address line 1: 200,SINGAPORE,1,
username 201,UNIQUEmailid222@gmail.com,UNIQUEPHONE222,Address line 1: 201,SINGAPORE,1,
username 205,UNIQUEmailid226@gmail.com,UNIQUEPHONE226,Address line 1: 205,SINGAPORE,1,
username 207,UNIQUEmailid228@gmail.com,UNIQUEPHONE228,Address line 1: 207,SINGAPORE,1,
username 208,UNIQUEmailid229@gmail.com,UNIQUEPHONE229,Address line 1: 208,SINGAPORE,1,
,UNIQUEmailid231@gmail.com,UNIQUEPHONE231,Address line 1: 210,SINGAPORE,1,
username 211,UNIQUEmailid232@gmail.com,UNIQUEPHONE232,Address line 1: 211,SINGAPORE,1,
username 212,UNIQUEmailid233@gmail.com,UNIQUEPHONE233,Address line 1: 212,SINGAPORE,1,
username 213,UNIQUEmailid234@gmail.com,UNIQUEPHONE234,Address line 1: 213,SINGAPORE,1,
username 214,UNIQUEmailid235@gmail.com,UNIQUEPHONE235,Address line 1: 214,SINGAPORE,1,
username 215,UNIQUEmailid236@gmail.com,UNIQUEPHONE236,Address line 1: 215,SINGAPORE,1,
username 216,UNIQUEmailid237@gmail.com,UNIQUEPHONE237,Address line 1: 216,SINGAPORE,1,
username 217,UNIQUEmailid238@gmail.com,UNIQUEPHONE238,Address line 1: 217,SINGAPORE,1,
username 218,UNIQUEmailid239@gmail.com,UNIQUEPHONE239,Address line 1: 218,SINGAPORE,1,
username 219,UNIQUEmailid240@gmail.com,UNIQUEPHONE240,Address line 1: 219,SINGAPORE,1,
username 220,UNIQUEmailid241@gmail.com,UNIQUEPHONE241,Address line 1: 220,SINGAPORE,1,
username 223,UNIQUEmailid244@gmail.com,UNIQUEPHONE244,Address line 1: 223,SINGAPORE,1,
username 225,UNIQUEmailid246@gmail.com,UNIQUEPHONE246,Address line 1: 225,SINGAPORE,1,
username 226,UNIQUEmailid247@gmail.com,UNIQUEPHONE247,Address line 1: 226,SINGAPORE,1,
username 228,UNIQUEmailid249@gmail.com,UNIQUEPHONE249,Address line 1: 228,SINGAPORE,1,
username 230,UNIQUEmailid251@gmail.com,UNIQUEPHONE251,Address line 1: 230,SINGAPORE,1,
username 231,UNIQUEmailid252@gmail.com,UNIQUEPHONE252,Address line 1: 231,SINGAPORE,1,
username 232,UNIQUEmailid253@gmail.com,UNIQUEPHONE253,Address line 1: 232,SINGAPORE,1,
username 234,UNIQUEmailid255@gmail.com,UNIQUEPHONE255,Address line 1: 234,SINGAPORE,1,
username 237,UNIQUEmailid258@gmail.com,UNIQUEPHONE258,Address line 1: 237,SINGAPORE,1,
username 240,UNIQUEmailid261@gmail.com,UNIQUEPHONE261,Address line 1: 240,SINGAPORE,1,
username 242,UNIQUEmailid263@gmail.com,UNIQUEPHONE263,Address line 1: 242,SINGAPORE,1,
username 243,UNIQUEmailid264@gmail.com,UNIQUEPHONE264,Address line 1: 243,SINGAPORE,1,
username 245,UNIQUEmailid266@gmail.com,UNIQUEPHONE266,Address line 1: 245,PHILIPPINES,1,
username 246,UNIQUEmailid267@gmail.com,UNIQUEPHONE267,Address line 1: 246,SINGAPORE,1,
username 247,UNIQUEmailid268@gmail.com,UNIQUEPHONE268,Address line 1: 247,SINGAPORE,1,
username 248,UNIQUEmailid269@gmail.com,UNIQUEPHONE269,Address line 1: 248,SINGAPORE,1,
username 249,UNIQUEmailid270@gmail.com,UNIQUEPHONE270,Address line 1: 249,SINGAPORE,1,
username 251,UNIQUEmailid272@gmail.com,UNIQUEPHONE272,Address line 1: 251,SINGAPORE,1,
username 252,UNIQUEmailid273@gmail.com,UNIQUEPHONE273,Address line 1: 252,SINGAPORE,1,
username 253,UNIQUEmailid274@gmail.com,UNIQUEPHONE274,Address line 1: 253,SINGAPORE,1,
username 255,UNIQUEmailid276@gmail.com,UNIQUEPHONE276,Address line 1: 255,SINGAPORE,1,
username 256,UNIQUEmailid277@gmail.com,UNIQUEPHONE277,Address line 1: 256,SINGAPORE,1,
username 258,UNIQUEmailid279@gmail.com,UNIQUEPHONE279,Address line 1: 258,SINGAPORE,1,
username 260,UNIQUEmailid281@gmail.com,UNIQUEPHONE281,Address line 1: 260,SINGAPORE,1,
username 261,UNIQUEmailid282@gmail.com,UNIQUEPHONE282,Address line 1: 261,MALAYSIA,1,
username 263,UNIQUEmailid284@gmail.com,UNIQUEPHONE284,Address line 1: 263,SINGAPORE,1,
username 264,UNIQUEmailid285@gmail.com,UNIQUEPHONE285,Address line 1: 264,SINGAPORE,1,
username 265,UNIQUEmailid286@gmail.com,UNIQUEPHONE286,Address line 1: 265,SINGAPORE,1,
username 266,UNIQUEmailid287@gmail.com,UNIQUEPHONE287,Address line 1: 266,SINGAPORE,1,
username 267,UNIQUEmailid288@gmail.com,UNIQUEPHONE288,Address line 1: 267,SINGAPORE,1,
username 269,UNIQUEmailid290@gmail.com,UNIQUEPHONE290,Address line 1: 269,BRUNEI DARUSSALAM,1,
username 270,UNIQUEmailid291@gmail.com,UNIQUEPHONE291,Address line 1: 270,SINGAPORE,1,
username 271,UNIQUEmailid292@gmail.com,UNIQUEPHONE292,Address line 1: 271,SINGAPORE,1,
username 272,UNIQUEmailid293@gmail.com,UNIQUEPHONE293,Address line 1: 272,SINGAPORE,1,
username 273,UNIQUEmailid294@gmail.com,UNIQUEPHONE294,Address line 1: 273,MALAYSIA,1,
username 277,UNIQUEmailid298@gmail.com,UNIQUEPHONE298,Address line 1: 277,SINGAPORE,1,
username 278,UNIQUEmailid299@gmail.com,UNIQUEPHONE299,Address line 1: 278,SINGAPORE,1,
username 279,UNIQUEmailid300@gmail.com,UNIQUEPHONE300,Address line 1: 279,SINGAPORE,1,
username 282,UNIQUEmailid303@gmail.com,UNIQUEPHONE303,Address line 1: 282,SINGAPORE,1,
username 288,UNIQUEmailid309@gmail.com,UNIQUEPHONE309,Address line 1: 288,SINGAPORE,1,
username 289,UNIQUEmailid310@gmail.com,UNIQUEPHONE310,Address line 1: 289,SINGAPORE,1,
username 291,UNIQUEmailid312@gmail.com,UNIQUEPHONE312,Address line 1: 291,SINGAPORE,1,
username 292,UNIQUEmailid313@gmail.com,UNIQUEPHONE313,Address line 1: 292,SINGAPORE,1,
username 293,UNIQUEmailid314@gmail.com,UNIQUEPHONE314,Address line 1: 293,SINGAPORE,1,
username 296,UNIQUEmailid317@gmail.com,UNIQUEPHONE317,Address line 1: 296,SINGAPORE,1,
username 299,UNIQUEmailid320@gmail.com,UNIQUEPHONE320,Address line 1: 299,SINGAPORE,1,
username 300,UNIQUEmailid321@gmail.com,UNIQUEPHONE321,Address line 1: 300,SINGAPORE,1,
username 302,UNIQUEmailid323@gmail.com,UNIQUEPHONE323,Address line 1: 302,SINGAPORE,1,
username 305,UNIQUEmailid326@gmail.com,UNIQUEPHONE326,Address line 1: 305,SINGAPORE,1,
username 308,UNIQUEmailid329@gmail.com,UNIQUEPHONE329,Address line 1: 308,SINGAPORE,1,
username 309,UNIQUEmailid330@gmail.com,UNIQUEPHONE330,Address line 1: 309,SINGAPORE,1,
username 310,UNIQUEmailid331@gmail.com,UNIQUEPHONE331,Address line 1: 310,SINGAPORE,1,
username 311,UNIQUEmailid332@gmail.com,UNIQUEPHONE332,Address line 1: 311,SINGAPORE,1,
username 314,UNIQUEmailid335@gmail.com,UNIQUEPHONE335,Address line 1: 314,SINGAPORE,1,
username 315,UNIQUEmailid336@gmail.com,UNIQUEPHONE336,Address line 1: 315,SINGAPORE,1,
username 318,UNIQUEmailid339@gmail.com,UNIQUEPHONE339,Address line 1: 318,MALAYSIA,1,
username 319,UNIQUEmailid340@gmail.com,UNIQUEPHONE340,Address line 1: 319,SINGAPORE,1,
username 320,UNIQUEmailid341@gmail.com,UNIQUEPHONE341,Address line 1: 320,SINGAPORE,1,
username 321,UNIQUEmailid342@gmail.com,UNIQUEPHONE342,Address line 1: 321,MALAYSIA,1,
username 322,UNIQUEmailid343@gmail.com,UNIQUEPHONE343,Address line 1: 322,SINGAPORE,1,
username 323,UNIQUEmailid344@gmail.com,UNIQUEPHONE344,Address line 1: 323,SINGAPORE,1,
username 325,UNIQUEmailid346@gmail.com,UNIQUEPHONE346,Address line 1: 325,SINGAPORE,1,
username 327,UNIQUEmailid348@gmail.com,UNIQUEPHONE348,Address line 1: 327,SINGAPORE,1,
username 329,UNIQUEmailid350@gmail.com,UNIQUEPHONE350,Address line 1: 329,SINGAPORE,1,
username 331,UNIQUEmailid352@gmail.com,UNIQUEPHONE352,Address line 1: 331,SINGAPORE,1,
username 332,UNIQUEmailid353@gmail.com,UNIQUEPHONE353,Address line 1: 332,HONG KONG,1,
username 337,UNIQUEmailid358@gmail.com,UNIQUEPHONE358,Address line 1: 337,HONG KONG,1,
username 345,UNIQUEmailid366@gmail.com,UNIQUEPHONE366,Address line 1: 345,HONG KONG,1,
username 347,UNIQUEmailid368@gmail.com,UNIQUEPHONE368,Address line 1: 347,HONG KONG,1,
username 348,UNIQUEmailid369@gmail.com,UNIQUEPHONE369,Address line 1: 348,SINGAPORE,1,
username 349,UNIQUEmailid370@gmail.com,UNIQUEPHONE370,Address line 1: 349,SINGAPORE,1,
username 351,UNIQUEmailid372@gmail.com,UNIQUEPHONE372,Address line 1: 351,TAIWAN,1,
username 355,UNIQUEmailid376@gmail.com,UNIQUEPHONE376,Address line 1: 355,SINGAPORE,1,
username 357,UNIQUEmailid378@gmail.com,UNIQUEPHONE378,Address line 1: 357,SINGAPORE,1,
username 358,UNIQUEmailid379@gmail.com,UNIQUEPHONE379,Address line 1: 358,SINGAPORE,1,
username 359,UNIQUEmailid380@gmail.com,UNIQUEPHONE380,Address line 1: 359,MALAYSIA,1,
username 360,UNIQUEmailid381@gmail.com,UNIQUEPHONE381,Address line 1: 360,SINGAPORE,1,
username 361,UNIQUEmailid382@gmail.com,UNIQUEPHONE382,Address line 1: 361,SINGAPORE,1,
username 363,UNIQUEmailid384@gmail.com,UNIQUEPHONE384,Address line 1: 363,SINGAPORE,1,
username 364,UNIQUEmailid385@gmail.com,UNIQUEPHONE385,Address line 1: 364,SINGAPORE,1,
username 365,UNIQUEmailid386@gmail.com,UNIQUEPHONE386,Address line 1: 365,SINGAPORE,1,
username 368,UNIQUEmailid389@gmail.com,UNIQUEPHONE389,Address line 1: 368,SINGAPORE,1,
username 369,UNIQUEmailid390@gmail.com,UNIQUEPHONE390,Address line 1: 369,SINGAPORE,1,
username 371,UNIQUEmailid392@gmail.com,UNIQUEPHONE392,Address line 1: 371,SINGAPORE,1,
username 372,UNIQUEmailid393@gmail.com,UNIQUEPHONE393,Address line 1: 372,MALAYSIA,1,
username 374,UNIQUEmailid395@gmail.com,UNIQUEPHONE395,Address line 1: 374,SINGAPORE,1,
username 375,UNIQUEmailid396@gmail.com,UNIQUEPHONE396,Address line 1: 375,SINGAPORE,1,
username 376,UNIQUEmailid397@gmail.com,UNIQUEPHONE397,Address line 1: 376,SINGAPORE,1,
username 378,UNIQUEmailid399@gmail.com,UNIQUEPHONE399,Address line 1: 378,SINGAPORE,1,
username 379,UNIQUEmailid400@gmail.com,UNIQUEPHONE400,Address line 1: 379,SINGAPORE,1,
username 380,UNIQUEmailid401@gmail.com,UNIQUEPHONE401,Address line 1: 380,SINGAPORE,1,
username 381,UNIQUEmailid402@gmail.com,UNIQUEPHONE402,Address line 1: 381,SINGAPORE,1,
username 382,UNIQUEmailid403@gmail.com,UNIQUEPHONE403,Address line 1: 382,SINGAPORE,1,
username 384,UNIQUEmailid405@gmail.com,UNIQUEPHONE405,Address line 1: 384,SINGAPORE,1,
username 385,UNIQUEmailid406@gmail.com,UNIQUEPHONE406,Address line 1: 385,SINGAPORE,1,
username 389,UNIQUEmailid410@gmail.com,UNIQUEPHONE410,Address line 1: 389,SINGAPORE,1,
username 391,UNIQUEmailid412@gmail.com,UNIQUEPHONE412,Address line 1: 391,SINGAPORE,1,
username 394,UNIQUEmailid415@gmail.com,UNIQUEPHONE415,Address line 1: 394,SINGAPORE,1,
username 395,UNIQUEmailid416@gmail.com,UNIQUEPHONE416,Address line 1: 395,SINGAPORE,1,
username 397,UNIQUEmailid418@gmail.com,UNIQUEPHONE418,Address line 1: 397,SINGAPORE,1,
username 402,UNIQUEmailid423@gmail.com,UNIQUEPHONE423,Address line 1: 402,SINGAPORE,1,
username 403,UNIQUEmailid424@gmail.com,UNIQUEPHONE424,Address line 1: 403,SINGAPORE,1,
username 405,UNIQUEmailid426@gmail.com,UNIQUEPHONE426,Address line 1: 405,SINGAPORE,1,
username 406,UNIQUEmailid427@gmail.com,UNIQUEPHONE427,Address line 1: 406,SINGAPORE,1,
username 407,UNIQUEmailid428@gmail.com,UNIQUEPHONE428,Address line 1: 407,SINGAPORE,1,
username 408,UNIQUEmailid429@gmail.com,UNIQUEPHONE429,Address line 1: 408,SINGAPORE,1,
username 409,UNIQUEmailid430@gmail.com,UNIQUEPHONE430,Address line 1: 409,SINGAPORE,1,
username 410,UNIQUEmailid431@gmail.com,UNIQUEPHONE431,Address line 1: 410,SINGAPORE,1,
username 411,UNIQUEmailid432@gmail.com,UNIQUEPHONE432,Address line 1: 411,SINGAPORE,1,
username 415,UNIQUEmailid436@gmail.com,UNIQUEPHONE436,Address line 1: 415,SINGAPORE,1,
username 416,UNIQUEmailid437@gmail.com,UNIQUEPHONE437,Address line 1: 416,AUSTRALIA,1,
username 417,UNIQUEmailid438@gmail.com,UNIQUEPHONE438,Address line 1: 417,SINGAPORE,1,
username 418,UNIQUEmailid439@gmail.com,UNIQUEPHONE439,Address line 1: 418,SINGAPORE,1,
username 419,UNIQUEmailid440@gmail.com,UNIQUEPHONE440,Address line 1: 419,SINGAPORE,1,
username 422,UNIQUEmailid443@gmail.com,UNIQUEPHONE443,Address line 1: 422,SINGAPORE,1,
username 423,UNIQUEmailid444@gmail.com,UNIQUEPHONE444,Address line 1: 423,SINGAPORE,1,
username 427,UNIQUEmailid448@gmail.com,UNIQUEPHONE448,Address line 1: 427,SINGAPORE,1,
username 430,UNIQUEmailid451@gmail.com,UNIQUEPHONE451,Address line 1: 430,SINGAPORE,1,
username 431,UNIQUEmailid452@gmail.com,UNIQUEPHONE452,Address line 1: 431,SINGAPORE,1,
username 432,UNIQUEmailid453@gmail.com,UNIQUEPHONE453,Address line 1: 432,SINGAPORE,1,
username 433,UNIQUEmailid454@gmail.com,UNIQUEPHONE454,Address line 1: 433,SINGAPORE,1,
username 434,UNIQUEmailid455@gmail.com,UNIQUEPHONE455,Address line 1: 434,SINGAPORE,1,
username 435,UNIQUEmailid456@gmail.com,UNIQUEPHONE456,Address line 1: 435,CHINA,1,
username 438,UNIQUEmailid459@gmail.com,UNIQUEPHONE459,Address line 1: 438,SINGAPORE,1,
username 439,UNIQUEmailid460@gmail.com,UNIQUEPHONE460,Address line 1: 439,SINGAPORE,1,
username 440,UNIQUEmailid461@gmail.com,UNIQUEPHONE461,Address line 1: 440,SINGAPORE,1,
username 441,UNIQUEmailid462@gmail.com,UNIQUEPHONE462,Address line 1: 441,SINGAPORE,1,
username 442,UNIQUEmailid463@gmail.com,UNIQUEPHONE463,Address line 1: 442,INDONESIA,1,
username 445,UNIQUEmailid466@gmail.com,UNIQUEPHONE466,Address line 1: 445,SINGAPORE,1,
username 447,UNIQUEmailid468@gmail.com,UNIQUEPHONE468,Address line 1: 447,SINGAPORE,1,
username 448,UNIQUEmailid469@gmail.com,UNIQUEPHONE469,Address line 1: 448,SINGAPORE,1,
username 449,UNIQUEmailid470@gmail.com,UNIQUEPHONE470,Address line 1: 449,SINGAPORE,1,
username 450,UNIQUEmailid471@gmail.com,UNIQUEPHONE471,Address line 1: 450,SINGAPORE,1,
username 452,UNIQUEmailid473@gmail.com,UNIQUEPHONE473,Address line 1: 452,SINGAPORE,1,
username 454,UNIQUEmailid475@gmail.com,UNIQUEPHONE475,Address line 1: 454,CHINA,1,
username 460,UNIQUEmailid481@gmail.com,UNIQUEPHONE481,Address line 1: 460,CHINA,1,
username 462,UNIQUEmailid483@gmail.com,UNIQUEPHONE483,Address line 1: 462,CHINA,1,
username 463,UNIQUEmailid484@gmail.com,UNIQUEPHONE484,Address line 1: 463,CHINA,1,
username 466,UNIQUEmailid487@gmail.com,UNIQUEPHONE487,Address line 1: 466,CHINA,1,
username 469,UNIQUEmailid490@gmail.com,UNIQUEPHONE490,Address line 1: 469,CHINA,1,
username 470,UNIQUEmailid491@gmail.com,UNIQUEPHONE491,Address line 1: 470,CHINA,1,
username 471,UNIQUEmailid492@gmail.com,UNIQUEPHONE492,Address line 1: 471,SINGAPORE,1,
username 472,UNIQUEmailid493@gmail.com,UNIQUEPHONE493,Address line 1: 472,SINGAPORE,1,
username 474,UNIQUEmailid495@gmail.com,UNIQUEPHONE495,Address line 1: 474,SINGAPORE,1,
username 480,UNIQUEmailid501@gmail.com,UNIQUEPHONE501,Address line 1: 480,SINGAPORE,1,
username 482,UNIQUEmailid503@gmail.com,UNIQUEPHONE503,Address line 1: 482,SINGAPORE,1,
username 483,UNIQUEmailid504@gmail.com,UNIQUEPHONE504,Address line 1: 483,SINGAPORE,1,
username 484,UNIQUEmailid505@gmail.com,UNIQUEPHONE505,Address line 1: 484,SINGAPORE,1,
username 485,UNIQUEmailid506@gmail.com,UNIQUEPHONE506,Address line 1: 485,SINGAPORE,1,
username 487,UNIQUEmailid508@gmail.com,UNIQUEPHONE508,Address line 1: 487,SINGAPORE,1,
username 488,UNIQUEmailid509@gmail.com,UNIQUEPHONE509,Address line 1: 488,SINGAPORE,1,
username 489,UNIQUEmailid510@gmail.com,UNIQUEPHONE510,Address line 1: 489,CANADA,1,
username 490,UNIQUEmailid511@gmail.com,UNIQUEPHONE511,Address line 1: 490,CANADA,1,
username 494,UNIQUEmailid515@gmail.com,UNIQUEPHONE515,Address line 1: 494,CANADA,1,
username 495,UNIQUEmailid516@gmail.com,UNIQUEPHONE516,Address line 1: 495,CANADA,1,
username 497,UNIQUEmailid518@gmail.com,UNIQUEPHONE518,Address line 1: 497,CANADA,1,
username 500,UNIQUEmailid521@gmail.com,UNIQUEPHONE521,Address line 1: 500,CANADA,1,